,randomness,layer_name,execution_time,test_accuracy,test_cross_entropy
0,0.0,-,18.593648,0.9251999855041504,0.2281915992498397
3901,0.0,-,17.929944,0.9251999855041504,0.2281915992498397
